,m318,m858,m50,m527,m1198,m904,m260,m750,m912,m2762,m913,m1193,m923,m908,m1221,m593,m1252,m2028,m1136,m2324,m1234,m2858,m2571,m1197,m1233,m1196,m296,m1213,m541,m608,m1225,m969,m1278,m919,m1247,m1208,m2804,m110,m2692,m1617,m3114,m1219,m1304,m1358,m1242,m111,m1288,m1704,m1214,m3147,m1240,m1,m1230,m1089,m1291,m2396,m1200,m2997,m1294,m1036,m2918,m1222,m47,m3578,m1258,m457,m1259,m1090,m1387,m356,m1206,m2959,m150,m1307,m924,m589,m1961,m3421,m1610,m3671,m1210,m1394,m3471,m2194,m920,m1674,m1270,m1079,m2791,m1097,m1265,m1784,m223,m32,m1954,m1220,m2268,m2599,m3481,m590
m318,,0.8209427801898981,0.8487293902503981,0.8467926721229289,0.8385783888091538,0.7748754922889541,0.8096801622823916,,,0.824320508482475,,0.8152049965651992,,0.7757385325980266,0.7831275610797459,0.815917251271117,,0.7993535621681509,0.7696060964394487,0.8047382326202217,0.78104291713908,0.7658889554720193,0.7755430534768076,0.7966070653654422,,0.7837078628044643,,0.7678462706608922,,,,,,,,,,0.7983426166949956,,,,,,0.7651695813379691,0.7962304441971934,,,0.8028752793127318,,0.779738446983373,,,,,0.773544422104856,,,,,,,,0.7677076847438232,,,,0.7854586309886773,,,0.7723322329100765,,,,,,,0.7656823714829621,,,,,,,,,,,,,,,,,,,,,,,
m858,0.8209427801898981,,0.8389560573841237,0.8211787171507638,0.8216590705280039,0.8326377195593421,0.8037456821890385,0.8232798700766024,0.8024218152418662,,0.7956513045373481,0.823475924131769,0.8205870665517008,0.8034738639186458,0.9233286418144716,0.8128150690444839,0.8110581613559622,0.788716608585325,0.7790849337580695,,0.8047343666702886,,,,0.795911509096491,,0.7917581416412609,0.8327720507193684,0.7748217018828658,,,,,,0.7705201447577068,0.8002155014128203,,,,0.7890396505230031,,0.7911189373713545,0.7845868670614353,0.7750055246101755,,0.7962145196574673,,,,,,,,,,,,,,,,0.7701846627267215,,,,,,,,,,,,,,,,,,,,,,,,,,,,,,,,,,,,,,
m50,0.8487293902503981,0.8389560573841237,,0.8056822277257076,0.8248376289873068,0.7919216001238343,0.815837161213723,0.7792738926979946,0.7750723992795694,0.8030845607939442,0.7947428315222376,0.8136202709635266,0.7695769003579814,0.7823566535559028,0.8041841614773932,0.8019235273496462,0.7751920623826858,0.7720985984805278,0.7925492466783151,0.7932479784360307,0.8176845100426975,0.8067807213004452,0.7700490636025701,0.7835475801029304,,0.7849888434805028,0.7870505646820147,0.7954465827170953,0.7696403204250023,,,,,,,,,,,0.7983569148257404,,,,,0.7899471257460844,,,,,,,,,,,,,,,,,0.7688152452467762,,,,,,,,,,,,,,,,,,,,,,,,,,,,,,,,,,,,,,
m527,0.8467926721229289,0.8211787171507638,0.8056822277257076,,0.8193041494354414,0.7925406773109693,0.7914298505895994,0.7750595879257296,0.7937103309972464,0.7872077516867182,,0.7955628049203822,0.7717929252470083,0.7709871123946057,0.7725303585580483,0.7889729814909962,,0.821337540050077,,0.8075464248858876,0.7847782315167937,,,0.7526008250435814,0.7619813924027812,0.7594796299564754,,,,,,,0.7509009851486854,,,,,0.7596288457225941,,,,0.7495006605432027,0.7500214017778213,0.7488745360303029,0.8090262535205931,,,0.7686395529583443,,,,,,,0.7556541537173566,,,,,,,,,,,,,,,,,,0.7491177072416934,,,,0.7486784689632331,,,,,,,,,,,,,,,,,,,,,,,
m1198,0.8385783888091538,0.8216590705280039,0.8248376289873068,0.8193041494354414,,0.8186901177164463,0.877257992808934,,0.7808498245714972,0.8182883236779306,0.7948598107787832,0.766256082000478,,0.7948062633176751,0.7698212882277076,0.7935226136207736,,0.794606260558168,0.7884959578149483,,0.8187206715953133,,0.782104650552633,0.7896875978217308,0.7840152925437822,0.8490952535566536,,0.7648971751967708,,,,,,,,,,0.7793202021524351,,0.7653971024110533,,,,,0.7847229343421063,,,,,,0.7893156568591986,0.7686838176298441,,,0.8186774309728703,,,,,0.7936487556184152,,,,,,0.76869069374221,,,,,,,,,,,,,,,0.7705685719753197,,,,,,,,,,,,,,,,,,,
m904,0.7748754922889541,0.8326377195593421,0.7919216001238343,0.7925406773109693,0.8186901177164463,,0.7885974690287176,0.8222001393828684,0.8307170819378502,,0.8113672088695025,0.815334001400086,0.8443635222787814,0.8666217241520142,0.8027182453060774,0.7494593028608594,0.7761273843826266,,,,0.7807742432342993,,,,0.7868573121151934,,,0.7679172227597726,0.7565733596734809,0.7774021832276244,,0.7761438443056885,0.7652409709132525,0.7588449660888938,0.765366347771041,0.7667167714132717,,,,0.7456958883965401,,0.8153922116966577,0.7525306533116392,,,0.7604008770233761,0.7504978505017492,,,,,,,,,,,,,,,,,,,,,,,,,,,,,,,,,,,,,,,,,,,,,,,,,,,,,
m260,0.8096801622823916,0.8037456821890385,0.815837161213723,0.7914298505895994,0.877257992808934,0.7885974690287176,,0.768041629540509,0.7734649228853667,0.7928022026377763,0.7761486875936292,0.7468136879705901,0.7458473141837519,0.7683344536731187,0.7559712085649193,0.760336572173429,,0.7691368538096597,0.7717792527707548,,0.7959125392390719,,0.7923747116828528,0.7762548473123185,0.768407129357753,0.9093061720534054,0.7484508877650651,,,,,,0.7507527618606696,,,,,0.7577085682975737,,,0.7456229788414845,,,,0.7542450053075672,,,,,,0.7573264325647198,,,,0.7787852009421845,,,,,,,,,,,,,,,,,,,,,,,,,,0.8333718947350902,,,,,,,,,,,,,,,,,,,
m750,0.7615302181695229,0.8232798700766024,0.7792738926979946,0.7750595879257296,0.7636050602969622,0.8222001393828684,0.768041629540509,,0.8097335435187665,,0.8029103858168902,0.7828753153371284,0.8449116581913592,0.8149043380954282,0.7940292902487579,,0.8172193992535071,,0.7903409407428039,,,,,,0.8002884439698297,,0.7620263414256143,0.758559476609179,0.7752204026921987,0.8024205982789114,,,0.7849467879168786,,0.7750321203723354,0.7882674460138828,,,,0.7651575117479006,,0.7741256681827832,,,,0.7635100770330985,0.791260225689711,,,,,,,,,,,0.7639259482538093,0.7752584155983432,,,,,,,,,,,,,,,,0.7750502627627531,,,,,,,,,,,,,,,,,,,,,,,,,
m912,0.731585488434453,0.8024218152418662,0.7750723992795694,0.7937103309972464,0.7808498245714972,0.8307170819378502,0.7734649228853667,0.8097335435187665,,,0.8705423599258473,0.7760597349684959,0.8287932595122922,0.814074587062837,0.7625902561971314,,0.7865045702341718,,0.732751009262463,0.7761698421225877,0.7806036420240421,,,0.7341850595798423,0.7775865430288879,,,,0.7465170573572949,,,0.8211615168439322,0.7488041180406403,0.7589250602003497,0.7620766090351745,0.7320725639572452,,,,0.7517729752809568,,0.7803119939995954,0.7666319709498661,0.729241457084993,,,,,,,,,,,,,,,0.7362774578121345,,,,,,,,,,,,,,,,,,,,,,,,,,,,,,,,,,,,,,,,,
m2762,0.824320508482475,0.7647066127550075,0.8030845607939442,0.7872077516867182,0.8182883236779306,0.7396454846437424,0.7928022026377763,,,,,0.7425747137320775,,0.7485115614252704,0.754118178321989,0.78638044187545,,0.7834399056983683,0.7337666931145956,0.7425923552751342,0.7406155820279567,,0.7811103830225459,0.7413794903486711,,0.7707012261917954,,,,,,,,,,,0.735154663409892,0.7545523192590013,,,0.7482934975295996,,,,0.7940175080709071,,,0.7610179798818237,,0.7704814203544594,0.7468545322068565,,,,0.7604615501494165,,,,,0.7409102136079293,,,,0.7401662519286718,,0.750268887482102,,,,0.7354710250481468,,,,,,,,,,,,,,,,,,,,,,,,,,,,,,
m913,,0.7956513045373481,0.7947428315222376,0.7380581841355294,0.7948598107787832,0.8113672088695025,0.7761486875936292,0.8029103858168902,0.8705423599258473,,,0.7670975716389015,0.8324615830811051,0.8303659947421487,0.7693923515447617,,0.8057533587300987,,0.7401468979958017,,0.782666224956408,,,0.7422700783955648,0.7877038511732422,,,0.7350612913689955,0.7473168941084483,0.7512250090347159,,0.7989006659880828,0.766512142581598,0.7487154450283082,0.7428105988586939,0.7619713403897981,0.742247770886811,,,0.7634276780706689,,0.7770761502133359,0.7835202593826114,,,,,,,,,,,,,,,,0.7512163812078987,,,,,,,,,,,,,,,,,,,,,,,,,,,,,,,,,,,,,,,,,
m1193,0.8152049965651992,0.823475924131769,0.8136202709635266,0.7955628049203822,0.766256082000478,0.815334001400086,,0.7828753153371284,0.7760597349684959,,0.7670975716389015,,0.7608827876619352,0.7885163518897882,0.8104605330011693,0.7915777147590489,0.7635091964160996,,0.7559301356232893,0.7559546007217789,0.7922604440754086,0.775433127602243,,,0.7651715812941016,,0.7599940790729087,0.7903467029404696,,0.7754090275226335,,,,,0.7639254475430828,0.7683701550202686,,,,0.7598299034329112,,0.7602852305623065,0.7731556540140196,0.7986093217403052,,0.7723913284038377,,,,,,,,,,,,,0.7508269048010368,,,,,,,,,,,,,,,,,,,,,,,,,,,,,,,,,,,,,,,,,
m923,,0.8205870665517008,0.7695769003579814,0.7717929252470083,0.7540945435782676,0.8443635222787814,0.7458473141837519,0.8449116581913592,0.8287932595122922,,0.8324615830811051,0.7608827876619352,,0.8208851057125357,0.8008686585430431,,0.8058521820274461,,0.7361875391645769,0.7356976258520219,0.7466307756491906,,,,0.7737882868247052,,,0.7666005809367045,,0.762929908531202,,0.7868887205024779,0.7582729389977425,,0.7374787925467151,0.7700531940418747,,,,0.7512457281279348,,0.8013749144074034,,,,0.748563197390719,0.7712090457407024,,,,,,0.7415436915127823,,,,,,0.7511212475907135,,,0.7374257368907126,,,,,,,,,,,,,,,,,,,,,,,,,,,,,,,,,,,,,,
m908,0.7757385325980266,0.8034738639186458,0.7823566535559028,0.7709871123946057,0.7948062633176751,0.8666217241520142,0.7683344536731187,0.8149043380954282,0.814074587062837,0.7485115614252704,0.8303659947421487,0.7885163518897882,0.8208851057125357,,0.758423438795776,,0.7987782541186823,,,,0.7625307002891177,,,,0.7895292658651034,,,0.7796696037832312,0.7586354229103003,0.7514448308952464,,0.7826880168456618,0.7540066235875763,0.7428412474121507,,0.7479879370458727,,,,0.7680673776572312,0.7408108971297374,0.8010808163810337,0.7488999251798557,,,0.74373498494226,,,,,,,,,,,,,0.7409784450250776,,,,,,,,,,,,,,,,,,,,,,,,,,,,,,,,,,,,,,,,,
m1221,0.7831275610797459,0.9233286418144716,0.8041841614773932,0.7725303585580483,0.7698212882277076,0.8027182453060774,0.7559712085649193,0.7940292902487579,0.7625902561971314,0.754118178321989,0.7693923515447617,0.8104605330011693,0.8008686585430431,0.758423438795776,,0.7746742540468716,0.7901040480318253,0.75317906996933,0.7526743780388301,,0.7713664353885532,,,,0.7549521892827189,0.7551708978978207,0.7791037846287243,0.8469852203451791,0.7605504857264691,0.7508169831074594,,,,,,0.780699371510628,,,,0.7709889928043117,,,,,,0.7870255913842925,,,,,,,,0.7712960007056427,,,,,,,,0.7542270355597167,,,,,,,,,,,,,,,,,,,,,,,,,,,,,,,,,,,,,,
m593,0.815917251271117,0.8128150690444839,0.8019235273496462,0.7889729814909962,0.7935226136207736,0.7494593028608594,0.760336572173429,,,0.78638044187545,,0.7915777147590489,,,0.7746742540468716,,,0.7583527889533999,,,0.7467415791573578,0.735846086415947,,,,0.7378467331970392,0.766209144231367,0.7561083615775046,,,,,,,,0.7413425357588118,,0.7432921459664881,,0.7421578910510593,,0.7752193869306752,,0.738103417151923,0.7419764881929329,,,0.7356655437882047,0.740942554651963,0.7408284453011615,,,,,,,0.7409749837980706,,,,,0.7357483286164985,0.789999733573162,,0.7573206122570704,,,,0.7441113522313936,,,,,,,,,,,,,,,,,,,,,,,,,,,,,,,
m1252,,0.8110581613559622,0.7751920623826858,0.7237527673890349,0.7256505913325664,0.7761273843826266,,0.8172193992535071,0.7865045702341718,,0.8057533587300987,0.7635091964160996,0.8058521820274461,0.7987782541186823,0.7901040480318253,,,,,,0.7440266988131162,,,,0.7778271243093773,,0.7316630748517561,0.7505686365289959,0.7655071810154881,0.7798976988004173,,0.7436827720583146,0.7297500232212332,,0.7625249369716954,0.7742829000115898,,,,0.7892670075080799,,0.7643337279049693,0.7338378794939271,,,0.7749840706861775,0.7696528470008475,,0.7310978763455116,,,,0.7331258940225225,,,,,,0.7609015761146694,,,,,,,,,,,,,,,,,,,,,,,,,,,,,,,,,,,,,,,,,
m2028,0.7993535621681509,0.788716608585325,0.7720985984805278,0.821337540050077,0.794606260558168,0.7341757569069411,0.7691368538096597,,,0.7834399056983683,,0.7475275005790273,,,0.75317906996933,0.7583527889533999,,,,,0.7685217952050383,,0.7410291050889166,,0.7524831560171312,0.7475721061234764,,0.744902900428605,,,,,,,,,,0.7932458126160602,,,,,0.734997024594453,,0.7816091088491481,,,0.7470348759482623,,0.7668839245693355,,,,,0.7400834220847747,,,,,0.7370168301614349,,0.7345265807666873,,0.7478650017068745,,,0.7384551876964883,0.7417443853526512,,0.7858709316128224,,,0.7585139384734767,,,,,,0.7445940976442716,,,,,,,,,,,,,,,,,,,,,
m1136,0.7696060964394487,0.7790849337580695,0.7925492466783151,0.7410128577655887,0.7884959578149483,0.743557943022109,0.7717792527707548,0.7903409407428039,0.732751009262463,0.7337666931145956,0.7401468979958017,0.7559301356232893,0.7361875391645769,0.7329231574057408,0.7526743780388301,,,,,,,,0.7462369614308009,0.7885810513040987,0.7485020510708906,0.7449173398758542,0.738618918277639,,0.7536503679369767,,,,0.7688879009344667,,,0.7480962024604044,0.7387262841418085,,0.736093635312082,,,,,,,,0.7612418089480253,,,,,,,0.7436472801709691,,,,,,,,0.7490031252074819,,,,,,,,,,0.7408007686999377,,,,,,,,0.7500143589543273,,,,,,,,,,,,,,,,,,,,
m2324,0.8047382326202217,0.7469904614132615,0.7932479784360307,0.8075464248858876,0.7431069834479513,0.73680008022728,0.7241833437340635,0.7141999722804308,0.7761698421225877,0.7425923552751342,,0.7559546007217789,0.7356976258520219,0.7189243534386295,0.7108534826437247,0.7335543397394593,,0.7258711475182598,,,0.7273544254561571,0.730683373723511,,0.7273320824488122,,,,0.7059342355221155,,,0.7112237969149202,,,0.7106010880584235,,,0.7116891725312109,0.7206513259360372,,,,0.7174567375741918,,0.7399521223990295,0.7377901597974303,,,0.7412800819067029,,,,,,,0.7062224018070913,,,,,,0.7083388878902293,,,,,,,,,,,,,,,,,,,,,,,,,,,,,,,,,,,,,,,
m1234,0.78104291713908,0.8047343666702886,0.8176845100426975,0.7847782315167937,0.8187206715953133,0.7807742432342993,0.7959125392390719,0.7428706131846804,0.7806036420240421,0.7406155820279567,0.782666224956408,0.7922604440754086,0.7466307756491906,0.7625307002891177,0.7713664353885532,0.7467415791573578,0.7440266988131162,0.7685217952050383,,,,,,0.7548795645578061,0.7763075681671894,0.7487992413958585,,,,,,,0.7512608203216191,0.739988433692697,,,0.7385612680302629,,,0.7575877035900913,,,0.8268237572604654,,0.7781944419528994,,,,,,0.7413986074248988,,,,,,,,0.7575769549166126,0.7507812646019333,,,,,,,,,,,,,,,,,,,,,,,,,,,,,,,,,,,,,,,,
m2858,0.7658889554720193,0.7677556563415011,0.8067807213004452,0.7443739719823776,,0.7240432610121318,,0.7405434849414889,,0.7307800108684004,,0.775433127602243,,0.7204170626499656,0.7351671114201236,0.735846086415947,,0.7246919911236379,0.7322669840657746,0.730683373723511,,,0.7247996432023623,,,,0.7737433944992281,0.7504636219365395,,0.7446946576342323,,,,,0.7446497609458853,,,,0.7533106603197639,0.7609372693951981,,,,0.737871455781459,0.7245529335946705,0.7261532127481471,,,,,,,,0.7294962645041656,,,,0.728009966664745,,,,0.7594052510927272,0.7284050911679197,,,,,0.7260342903391325,,,,0.7399845440937497,,,,,,,,,,,,,,,,,,,,,,,,,,,,
m2571,0.7755430534768076,,0.7700490636025701,0.7214559753655215,0.782104650552633,,0.7923747116828528,,,0.7811103830225459,,,,,,0.7314432805699909,,0.7410291050889166,0.7462369614308009,,,0.7247996432023623,,0.745914341404792,,0.7777734515872654,0.7234870446841557,,0.745930956925405,,,,,,,,,0.7529287736842103,0.7485411405846105,,0.7220755551207372,,,,,,,0.7138895768041988,0.7108085802366408,0.7116487871863898,0.7445507879267956,0.7144337960608211,,,0.7377374910532641,,0.7438584873723801,,,0.7223473293270485,0.731194701894758,,,0.75065070533076,,,,,,,,0.7288522452342827,,,,0.7506530752715864,,,,,0.7232806488626631,,,,,,,,,,,,,,,,,,,
m1197,0.7966070653654422,0.7345338790324347,0.7835475801029304,0.7526008250435814,0.7896875978217308,0.7236800222914188,0.7762548473123185,0.7423617629320273,0.7341850595798423,0.7413794903486711,0.7422700783955648,0.7158821834235729,,0.7349647945057403,,0.71797096356865,,0.719392278026339,0.7885810513040987,0.7273320824488122,0.7548795645578061,,0.745914341404792,,,0.7639866373185611,,,,,,,0.7398441383535991,,,,0.7350874684486476,0.7199611311091185,0.7273300824155324,,0.71720465177281,,,,0.7398770002505991,,,,,0.7179337924173282,,0.7272416085180186,,,0.7339735603818879,,,,,,0.7532376130479423,,,,,,,,,,,,,,,,,,,,,,,,,,,,,,,,,,,,,,,
m1233,,0.795911509096491,0.7558156838726517,0.7619813924027812,0.7840152925437822,0.7868573121151934,0.768407129357753,0.8002884439698297,0.7775865430288879,,0.7877038511732422,0.7651715812941016,0.7737882868247052,0.7895292658651034,0.7549521892827189,,0.7778271243093773,0.7524831560171312,0.7485020510708906,,0.7763075681671894,,,,,,,,0.7733814085624309,0.7544719938490858,0.7636851845277295,0.7498075229421624,0.7621445537603388,,0.7325757127645165,0.7633793000390169,,,,,,,0.7569442877758009,,0.7455444882278102,,0.7308109286070172,,,,,,,,,,,,0.7498683542708854,,,0.7299567514375446,,,,,,0.7359297242221362,,,,,,,,,,,,,,,,,,,,,,,,,,,,,,,,
m1196,0.7837078628044643,0.7691283055665823,0.7849888434805028,0.7594796299564754,0.8490952535566536,0.7455246451663019,0.9093061720534054,0.7363597201651935,,0.7707012261917954,0.7318262427079775,,,0.7407725244528436,0.7551708978978207,0.7378467331970392,,0.7475721061234764,0.7449173398758542,,0.7487992413958585,,0.7777734515872654,0.7639866373185611,,,0.7339164610011777,,0.7374556205829536,,,,,,,,,0.7484335262554187,,,0.7331894788612892,,,,0.7456321999195916,,,,,,0.7418004945158923,0.73852612733966,,,0.778324407533884,,0.7399019179604548,,,0.7541223706397227,,,,,,0.7385950599627719,,,,,,,,,,,,,,,0.8546074813011849,,,,,,,,,,,,,,,,,,,
m296,0.7497147399546512,0.7917581416412609,0.7870505646820147,0.7258003248816055,0.7503970756224162,0.7344914185197522,0.7484508877650651,0.7620263414256143,,0.7294213917969089,,0.7599940790729087,,,0.7791037846287243,0.766209144231367,0.7316630748517561,,0.738618918277639,,,0.7737433944992281,,,,0.7339164610011777,,0.8115745459244731,0.7292354748708059,0.7839575548560394,,,,,,0.7536129317335566,,,,0.7539700275247097,,0.7368447388268109,,0.7488941248387277,,0.7334171583947044,,,,,,,,0.8254840250834965,,,,0.7357508996638478,,,,0.7497066206937965,0.7343045367701815,,0.733145123205246,,,,,,0.7344287046432687,,,,,,,,,,,,,,,,,,,,,,,,,,,,,
m1213,0.7678462706608922,0.8327720507193684,0.7954465827170953,0.7416382925355092,0.7648971751967708,0.7679172227597726,,0.758559476609179,,,0.7350612913689955,0.7903467029404696,0.7666005809367045,0.7796696037832312,0.8469852203451791,0.7561083615775046,0.7505686365289959,0.744902900428605,,,,0.7504636219365395,,,,0.730137174039976,0.8115745459244731,,,0.7605895476783345,,,,,,0.7731815637875841,,0.7362527746989793,,0.7576591992050269,,0.7389450832561196,,,,0.7918759198621277,,,,,,,,0.7986278794104196,,,,,,,,0.7877688568223294,0.7592086597234078,,0.7513198809905289,,,0.7519562935842425,,,0.7534976738482446,,,,,,,,,,,,,,,,,,,,,,,,,,,,,
m541,,0.7748217018828658,0.7696403204250023,,0.7486160521312379,0.7565733596734809,0.7426004229033297,0.7752204026921987,0.7465170573572949,,0.7473168941084483,0.7459980206051962,0.7298544475980672,0.7586354229103003,0.7605504857264691,,0.7655071810154881,,0.7536503679369767,,,,0.745930956925405,,0.7733814085624309,0.7374556205829536,0.7292354748708059,,,,0.72268533522545,,0.7395453057749173,,,0.7878287821330274,,,0.7240040754539131,0.7240234318058888,,,,,,0.753940157489664,0.7298984872934823,,0.7789878882426369,,0.7498278440283954,,,,,,0.7468911407819825,0.733055281783615,,,,,,,,,,,,,,,,,0.7401801266694601,,,,,,,,,,,,,,,,,,,,,,,,,
m608,,0.7699437564223619,0.7588818693827789,0.7180573974960581,,0.7774021832276244,,0.8024205982789114,,,0.7512250090347159,0.7754090275226335,0.762929908531202,0.7514448308952464,0.7508169831074594,0.7269058155573203,0.7798976988004173,,0.729816679901454,,,0.7446946576342323,,,0.7544719938490858,,0.7839575548560394,0.7605895476783345,0.719221643799354,,,,,,0.7478455470434435,0.7423912317606252,,,,0.7472385484464485,,0.7330843881054856,,0.7496840846516031,,0.7619268418687732,0.7470145094413922,,,,,,,0.7470121547700002,,,,0.737282485820822,,,,0.7408675793277498,,,,,,,,,0.7233424095662633,,,,,,,,,,,0.7215506343840077,,,,,,,,,,,,,,,,,,
m1225,0.733566961472271,0.7527642578163023,0.7370761240142203,0.7474540493244443,0.7392166551948851,0.7265118897336649,0.7238709770469003,0.7442303360604778,0.714685898827004,0.7218278075998257,0.716106568442115,0.7403550128655623,0.7084955146062835,,0.7192522481254341,,0.714440495999789,,,0.7112237969149202,0.7101962947391451,0.7148520784666069,,0.7065789044769479,0.7636851845277295,0.7075735818049304,,0.70828378426168,0.72268533522545,0.7086143718026535,,0.7195287918374794,,0.7111012209692821,0.7254004878397875,0.705791262265837,,,,,,,,0.7397814480606242,0.7126135068413195,,,,,,,,,,,,,,,,,,,,,,,,,,,,,,,,,,,,,,,,,,,,,,,,,,,,,,,
m969,0.6925773257060016,0.736681095773073,0.702228937451348,0.7031396517229405,0.7307494181505797,0.7761438443056885,0.7235120599951033,0.7559737673914892,0.8211615168439322,,0.7989006659880828,0.7320407648368287,0.7868887205024779,0.7826880168456618,0.6927495866262671,,0.7436827720583146,,,,0.7356712534135648,,,,0.7498075229421624,,,,0.7151192129501242,0.6938586647852365,0.7195287918374794,,0.7485962079677947,0.7442857045571687,0.7405659384907513,,0.6966072187245966,,,,0.7068706987038826,0.7098200459701329,0.7345987967705028,0.6902576728422054,,,,,,,,0.697943059766092,,,,,,,0.7210351653945108,,,,,,,,,,,,,,,,,,,,,,,,,,,,,,,,,,,,,,,,,
m1278,0.724596009440063,0.755322792526862,0.7556891001070887,0.7509009851486854,0.7586451818821751,0.7652409709132525,0.7507527618606696,0.7849467879168786,0.7488041180406403,,0.766512142581598,0.7371191872624392,0.7582729389977425,0.7540066235875763,0.7504834058346574,,0.7297500232212332,,0.7688879009344667,,0.7512608203216191,,,0.7398441383535991,0.7621445537603388,0.7169045108528836,,,0.7395453057749173,,,0.7485962079677947,,0.7266235739962952,,,,,0.7178761165174095,,,0.7298933360399037,0.7258043015433091,,,,0.7227767370674519,,,,,,,,,,,,0.7377557028913768,,,,,,,,,,,,,,,,,,,,,0.8044491129907234,,,,,,,,,0.7286497779245535,,,,,,,,,,,
m919,0.7174119667985801,0.7317229904033268,0.7189089899803178,0.7406207875817522,0.7466108589582113,0.7588449660888938,0.7443346515285295,0.7072548317851881,0.7589250602003497,0.7135411679941839,0.7487154450283082,0.7060572658944797,0.7316783530387844,0.7428412474121507,,0.7004673575424665,,,0.6956630164072901,0.7106010880584235,0.739988433692697,,,0.7156857130465248,0.6950167109916758,0.7087968146701246,,,,,0.7111012209692821,0.7442857045571687,0.7266235739962952,,0.7088718564701946,,0.7103202560069902,,,,0.7177414553332442,0.7023232675160695,,,0.7237047016226094,,,,,,,0.7147083293373504,,,,,,,,,,,,,,,,,,,,,,,,,,,,,,,,,,,,,,,,,,,,,,,,
m1247,0.708102346848825,0.7705201447577068,0.7371235364300365,0.7198724245607515,,0.765366347771041,0.7137049687983881,0.7750321203723354,0.7620766090351745,,0.7428105988586939,0.7639254475430828,0.7374787925467151,0.7300709504995229,0.7327649181694449,,0.7625249369716954,,,,0.7250804899945784,0.7446497609458853,,,0.7325757127645165,,,0.710170617742099,,0.7478455470434435,0.7254004878397875,0.7405659384907513,,0.7088718564701946,,0.725063600273541,,,,,,0.7290987931726669,0.7322120011102867,0.7431303404064344,,0.7433814879237346,,,,,,,0.7204091906103739,,,,,,0.7437352649028619,,,0.708206141811291,,,,,,,,,,,,,,,,,,,,,,,,,,,,,,,,,,,,,,
m1208,0.7339883883446102,0.8002155014128203,0.7585682687399644,0.7336564726606266,0.7415473096114952,0.7667167714132717,,0.7882674460138828,,,0.7619713403897981,0.7683701550202686,0.7700531940418747,0.7479879370458727,0.780699371510628,0.7413425357588118,0.7742829000115898,,0.7480962024604044,,,,,,0.7633793000390169,,0.7536129317335566,0.7731815637875841,0.7878287821330274,0.7423912317606252,,,,,,,,,,0.7355744714494116,,0.7350879672230327,,0.7373939052293536,,0.7534110635219637,,,,,,,,0.7329981384655373,,,,,,,,0.7786342618339632,,,0.7552259002223598,,,0.7394772408832592,,,0.7737480044187037,,,,0.752676877906452,,,,,,,,,,,,,,,,,,,,,,,,,
m2804,0.7628578493796669,0.7545128537371651,0.7422715892822431,0.7252500325076241,0.7404854415340472,0.7286045721105322,0.7230037265478169,0.7138402334107659,,0.735154663409892,0.742247770886811,,0.7319889683437307,0.7167241048758688,0.7173209667319466,0.7233238615624664,0.7232880552330847,,0.7387262841418085,0.7116891725312109,0.7385612680302629,0.7093711482677381,,0.7350874684486476,,,0.7131279752303834,0.7131236533161596,,,,,0.7128137746088866,0.7103202560069902,,,,,,,0.7153087455774183,,0.7421309646846999,,0.7261525117466632,,0.7221880179747332,,,,,0.7408291151586486,,,,,,,,,,,,,,,,,0.7229871148515579,,,,,,,,,,,,,,,,,,,,,,,,,,,,,,,
m110,0.7983426166949956,0.7270953487089082,0.7576323771248872,0.7596288457225941,0.7793202021524351,,0.7577085682975737,,,0.7545523192590013,,,,,,0.7432921459664881,,0.7932458126160602,,0.7206513259360372,0.7298175184391203,,0.7529287736842103,0.7199611311091185,,0.7484335262554187,,0.7362527746989793,,,,,,,,,,,,,,,,,0.7579481664844216,,,0.7331697122698398,,0.7639769324070461,,,,,0.7516321846653413,,,,,0.7544291339611844,,,0.745137800640944,0.7813122666977267,,0.7491582309501222,,0.7257933972741815,,0.7577353266390737,,,0.7189551566688236,,,,,,0.7459348003955018,,,,,0.7342209771729554,,,,,,,,,,,,,0.7268883975733063,,,0.7241371422911675
m2692,0.7282358423272874,0.7186781712884571,0.7607086799964862,0.7115992873343443,0.7301958884917437,0.7246531442682073,0.7156382164006464,0.7131950842407154,,0.7193219000240738,,0.72994768126173,0.7258981548695976,0.7287709164255647,,0.7208536453441257,,,0.736093635312082,,0.7120998819941842,0.7533106603197639,0.7485411405846105,0.7273300824155324,0.7205560115004417,0.719429697124367,0.7082003448452174,,0.7240040754539131,,,,0.7178761165174095,,,,,,,0.7237464751284101,,,,,,,,,,,,,,,,,,0.7400270267355518,,,0.7213230137657145,0.7247512465391833,0.7197722839392945,,,,,,,,,0.7425787602322277,,,,,,,,,,,,,,,,,,,,,,0.7097141939826275,,,,,,
m1617,0.7466855428520359,0.7890396505230031,0.7983569148257404,0.7362331550390111,0.7653971024110533,0.7456958883965401,0.7450695528611924,0.7651575117479006,0.7517729752809568,0.7260281604549224,0.7634276780706689,0.7598299034329112,0.7512457281279348,0.7680673776572312,0.7709889928043117,0.7421578910510593,0.7892670075080799,,0.7273012924333777,,0.7575877035900913,0.7609372693951981,,,,,0.7539700275247097,0.7576591992050269,,0.7472385484464485,,,,,,0.7355744714494116,,,,,,,0.7279994793922516,0.7269300373225686,0.7560489875147757,,,,,,,,,,,,,,,,,0.7337498590925515,,,,,,0.7311055412289308,,,,,,,,,,,,,,,,0.7263242829339931,,,,,,,,,,,,,,,,
m3114,0.750917071449666,0.7210973082686274,0.7265102201382323,0.7280853391194986,0.7552439996587795,0.7424674673328207,0.7456229788414845,0.7247718869828476,,0.7482934975295996,,,,0.7408108971297374,,0.7130887041331957,,0.7216768266853595,,,,,0.7220755551207372,0.71720465177281,,0.7331894788612892,,,,,,0.7068706987038826,0.7146734088248641,0.7177414553332442,,,0.7153087455774183,,0.7052606944810882,,,0.7109015955098499,,,0.7288395834700574,,,,,0.715900059621323,,0.8765969267901867,,,0.7094837492071733,,0.716061527408369,,,0.7325638783425554,,,,,,0.710236710806801,,,,,,,0.7109169439804895,,,,,,,,,,,,,,0.7128779766117765,,,,,,,,,,,,,
m1219,0.7171568691344838,0.7911189373713545,0.7555791583785952,0.7495006605432027,0.7450829308652764,0.8153922116966577,,0.7741256681827832,0.7803119939995954,,0.7770761502133359,0.7602852305623065,0.8013749144074034,0.8010808163810337,0.7500690178994421,0.7752193869306752,0.7643337279049693,,,0.7174567375741918,,,,,,,0.7368447388268109,0.7389450832561196,,0.7330843881054856,,,0.7298933360399037,,0.7290987931726669,0.7350879672230327,,,,0.7183048487431131,,,,0.7353534474882011,,0.7405890597850886,,,0.7401642578359191,,,,,0.7450913165500653,,,,,,,,0.7281554015164191,,,0.7397103121485834,,,,0.7500973566056925,,,,,,,,,,,,,,,,,,,,,,,,,,,,,,,
m1304,0.7399449958637865,0.7845868670614353,0.7522922481993339,0.7500214017778213,0.7478725944983359,0.7525306533116392,0.740406470637154,0.7318804865183278,0.7666319709498661,,0.7835202593826114,0.7731556540140196,0.7330483796291134,0.7488999251798557,0.7492035741615513,,0.7338378794939271,0.734997024594453,,,0.8268237572604654,,,,0.7569442877758009,,,0.7237910895430072,0.7152471843354385,,,0.7345987967705028,0.7258043015433091,,0.7322120011102867,0.7243159494884508,0.7421309646846999,,,0.7279994793922516,,,,,0.7181529559609816,,,,,,,,,,,,,,0.7511566469304896,,,,,,,,,0.7237093992828721,,,,,0.7187357501551322,,,,,,,,,,,,,,,,,,,,,,,,,,,
m1358,0.7651695813379691,0.7750055246101755,0.7669708156869397,0.7488745360303029,0.7366197281080272,0.7395687097913393,,,0.729241457084993,,,0.7986093217403052,0.7287270267787374,,0.7247797748488993,0.738103417151923,,,,0.7399521223990295,0.7289517890370574,0.737871455781459,,,,,0.7488941248387277,0.7279388187324481,,0.7496840846516031,0.7397814480606242,,,,0.7431303404064344,0.7373939052293536,,,,0.7269300373225686,,0.7353534474882011,,,0.7381681999217773,,,0.7206161180944081,,,,,,0.7280132893065889,,,,,,,,0.7317224488676208,,,0.7250146008380473,,0.7262964487224848,0.7339186285190454,,,,,,,,,0.7330894747546618,,,,,,,,,,,,,,,,,,,,,,,
m1242,0.7962304441971934,0.763791421935686,0.7899471257460844,0.8090262535205931,0.7847229343421063,0.7285956295972833,0.7542450053075672,,0.7261951267463527,0.7940175080709071,,0.7471219199571024,0.7270834892191158,0.7386069118178769,0.7347500061747116,0.7419764881929329,,0.7816091088491481,,0.7377901597974303,0.7781944419528994,,,0.7398770002505991,0.7455444882278102,0.7456321999195916,,,,,,,,,,,,0.7579481664844216,,0.7560489875147757,0.7288395834700574,,,0.7381681999217773,,,,0.7492925718390504,,,,,,,,,,,,,,,,,,,0.7470639399247992,0.7481181742033243,,,,,0.743994802090273,,,,,,0.7442042211599882,,,,,,,,,,,,,,,,,,,,,0.7285592894762702
m111,,0.7962145196574673,0.7425584456282497,0.7226002114188507,,0.7604008770233761,,0.7635100770330985,0.7264827584535996,,,0.7723913284038377,0.748563197390719,0.74373498494226,0.7870255913842925,0.7267399298227574,0.7749840706861775,,0.716167784451256,,,0.7261532127481471,,,,,0.7334171583947044,0.7918759198621277,0.753940157489664,0.7619268418687732,,,,,0.7433814879237346,0.7534110635219637,,,,,,0.7405890597850886,0.7144128396904248,0.714201775297785,,,0.7451336905728894,,,,,,0.7157998829001329,0.7414682120445404,,,,0.7110887173167545,,,,0.7210103310240291,,,0.730137002781772,,,,,,0.7399127620794717,,,,,,,,,,,,,,,,,,,,,,,,,,,,,
m1288,,0.7424793378279406,0.7096273536896313,,,0.7504978505017492,0.7100915529441734,0.791260225689711,0.7284799903458667,,0.7329103322851891,0.7246026123514797,0.7712090457407024,0.7338097988599717,0.7292324228186522,,0.7696528470008475,,0.7612418089480253,,0.7085266502834917,,,,0.7308109286070172,,0.7161070859871372,0.7164211235249073,0.7298984872934823,0.7470145094413922,,,0.7227767370674519,,,0.7087566122436142,0.7221880179747332,,,0.7136131447003891,,,,,,0.7451336905728894,,,,,,,0.7460440920841851,0.7400069357673367,,,,0.723149936925565,,,,,,,,,,,,,0.7383234396697455,,,,,,,,,,,0.7194016938575223,,,,,,,0.7423191601209049,,,,,,,,,,,
m1704,0.8028752793127318,0.7166458824721706,0.7687274053178719,0.7686395529583443,0.7386056578728057,,0.7256837014769136,,,0.7610179798818237,,0.7100257712467433,,,,0.7356655437882047,,0.7470348759482623,,0.7412800819067029,0.726610817846262,0.7169269041527406,0.7138895768041988,0.7073870348950999,,0.7112520349154869,0.7026148391434206,0.7007752278249775,,,,,,,,,,0.7331697122698398,,,,,,0.7206161180944081,0.7492925718390504,,,,,0.7461023810605694,,,,,,,,,,,0.7297360241738481,,0.7493077367151761,,,0.7101518001287617,0.7248298752481196,,,0.7315080662787544,,,,,,,0.7413834422060059,,,,0.6983315423970297,,,,,,,,,,,,,,,,0.7224021816447794,,,
m1214,0.7209052658512967,0.742562704592471,0.7540553837843362,0.7045482032216983,0.7477753376152798,0.7124875870065215,0.7218597653891449,0.7033262906830734,,0.729371984406441,0.7048377014326481,,,,0.7420042799047438,0.740942554651963,0.7310978763455116,0.7048959273355884,0.7034392246442921,,,,0.7108085802366408,,0.7264902020069514,0.7242794594976255,0.7085272845708152,,0.7789878882426369,,,,0.7147626951990366,,,,,,,0.7077695037867378,,0.7401642578359191,,,,,,,,,0.7853340677002867,,,,,,0.8389006076959511,,,0.7148901028090899,,,,,0.7343289236656113,,,0.7146779726434528,0.772777423884139,,,,,,,0.727215278322679,,,,,,,,,,,,,,,,,,,,,,,,
m3147,0.779738446983373,0.7116953252211509,0.7246334873242999,0.7471678263945833,0.754161231075498,,0.715132805475537,,,0.7704814203544594,,,,,,0.7408284453011615,,0.7668839245693355,,,,,0.7116487871863898,0.7179337924173282,,0.7056033586539125,,,,,,,,,,,,0.7639769324070461,,,0.715900059621323,,,0.7109149940150509,0.7095459142869707,,,0.7461023810605694,,,,,,,0.7564754248418317,,,,,0.7223317657862467,0.7068254591069398,,0.7141796204684847,0.7412679301660283,,0.7230490520704056,,0.7038592606519977,,0.7887003847142837,,,0.7357755907565862,,,,0.7194195970115604,,0.7116211820887877,,,,,0.7038010745343161,,,,,,,,,,,,,0.7215891641930432,,,
m1240,0.7223952586789155,0.7223795004846886,0.721992288265381,0.7009620766323847,0.7893156568591986,,0.7573264325647198,,,0.7468545322068565,,,,,0.7081690971646601,0.7293683592668976,,0.7200614049038854,,,0.7413986074248988,,0.7445507879267956,,0.7204511374752134,0.7418004945158923,0.6953076375237779,0.6974244024481373,0.7498278440283954,,,,,,,,,0.7160682069564916,,,,,0.7038482349607418,,0.6950479470721704,,,,0.7853340677002867,,,,,,0.7017363125914245,,0.7675048961180398,,,0.7890972314159455,,,,,,0.7245641898569486,,0.7117474929233876,0.7126518581209405,,,,0.7015759978956535,,,0.8098949567811087,,,,,,,,,,,0.7064081552359696,,,,,,,,,,,,,
m1,0.7538112286795128,,,0.7332233964420267,0.7686838176298441,0.7267233297372077,0.7411482405912084,,0.6993170697270832,0.7289048629374276,0.7158166381260732,,,0.7167302936292461,,0.7063221214691666,,0.7247366970982194,,,0.7175366590325488,,0.7144337960608211,0.7272416085180186,,0.73852612733966,,,,,,0.697943059766092,0.7059407234666096,0.7147083293373504,,,0.7408291151586486,,,,0.8765969267901867,,,,0.7233728479351471,,,,,,,,,,0.7224221317275298,,,,,0.7152485248528526,,,,,,0.7009782548205551,,,,0.6970301081749412,,,0.7166159899771918,,,,0.6984508178820519,,,,,,,0.7083362382749615,,,0.7300391143172953,,,0.7020095780842737,,,,,,,,,,
m1230,,0.7109115181496067,0.6956935856373079,,,0.7104173449476372,,0.7344390332641073,0.6958422845013761,,0.7191475288421119,0.6955365289461682,0.7415436915127823,0.7193299838939994,0.7055333939082086,,0.7331258940225225,,0.680136208617995,,,0.6975253049020478,,,,,0.6814961608484335,0.6906653555004214,0.6639564014501654,0.7139747412411293,0.690308065203979,,,,0.7204091906103739,0.6650539906760762,,,0.673920523842907,0.6920974062462941,,,,,,0.7157998829001329,0.7460440920841851,,,,,,,0.6624602323979899,,,,0.6992810270015486,0.6661236037933064,,,,,,,,,,,,0.6742647937381018,,,,,,,,,,,,,,,,,,,,,,,,,,,0.6964212791007576,0.6652846241652373,
m1089,0.733237051375005,0.7628536259244392,0.7602264932996267,,0.7138125616336591,0.7112731815057979,,0.7388374908471023,,,0.7088607442993906,0.741705404868898,,,0.7712960007056427,0.7201738210443731,0.7186312953340461,,0.7436472801709691,,0.726524798259438,0.7294962645041656,,,,,0.8254840250834965,0.7986278794104196,,0.7470121547700002,,,,,,0.7329981384655373,,,,0.7236113496666314,,0.7450913165500653,,0.7280132893065889,,0.7414682120445404,0.7400069357673367,,,,,,,,,,,0.7199465886775847,,,,0.7812071088743747,0.7480645136554018,,0.7211245202332714,,,,,,0.7522953554521391,0.7095650743105985,,,,,,,,,,0.715249730789914,,,,,,,,,,,,,,,,,,
m1291,0.773544422104856,0.7024233139505391,0.7363137639522468,0.7556541537173566,0.8186774309728703,,0.7787852009421845,,,0.7604615501494165,,,,,,0.7210195564231275,,0.7400834220847747,0.7105953266759812,0.7062224018070913,0.7298731586342431,,0.7377374910532641,0.7339735603818879,,0.778324407533884,,,,,,,,,,,,0.7516321846653413,,,0.7094837492071733,,,,0.7251640710571706,,,,,0.7564754248418317,0.7017363125914245,0.7224221317275298,,,,,,,,0.7365922991116572,,,,0.7349392026819594,,0.7434530393942842,,,,0.7134541305830318,,,0.7131004117783052,,,0.7142452501731662,,,0.7031099029318482,,0.778867867445572,,,,,,0.7436617364307141,,,,,,,,,,,,,
m2396,0.6942117133149529,,0.6982304569847959,0.7093729259905998,0.6946087078750004,,0.6807287380592132,0.6816289005413277,0.6912765811510806,0.690140978087106,0.6974026802809408,0.6675674444453168,0.6641695202590067,0.6646399653079452,,,,,,0.6773585677584167,0.6862626295893062,0.6719893755050695,0.6686234530972486,0.6896566305467906,,,,,,,0.6826206483082715,0.6684387450898062,,,,,,0.6696315674405783,0.6685385972616741,0.679124754914757,0.6893635689443977,,,,0.6830745907992919,,,0.6595546836577348,,,,0.675949413650653,,,,,,,,,0.6590798850054774,,,0.6617983751006159,,,,,,,,,,0.7053547307396164,,,0.662914459214778,,,,,,,,,,,,,,,,,,,,,,,
m1200,0.7304998413887628,0.726567851551249,0.7350748555764265,,0.7483474776185923,,0.7334924949022734,,,0.7258460204045942,,,,,0.7285188362871593,0.7409749837980706,,0.7143455787482617,,,0.7102135621861984,,0.7438584873723801,,,0.7399019179604548,0.7110331858004661,0.7042754127819741,0.7468911407819825,,,,,,,,,0.7095916448120159,,0.7178558915154165,0.716061527408369,0.6982019436373481,,,,,,,0.8389006076959511,,0.7675048961180398,,,0.7006555498131686,,,,,,0.7502608480200861,,0.6985128361211508,0.7212003957423561,,0.6951542443126825,,,0.6953299052015943,0.7590370956559735,,,,,,,0.7646887672592488,,,,,,,,0.6944077763324634,,,,,,,,,,,,,,,,
m2997,,0.6978222809552381,0.7349632492886061,,,0.7161892245534038,,0.7639259482538093,,,0.7302085189014162,0.7334433490571401,0.733074561583932,0.7323590869399389,,,0.7233122591044008,,0.6987688732166291,,,0.728009966664745,,,,,0.7357508996638478,0.6958937627709565,0.733055281783615,0.737282485820822,,,,,0.6941909777658736,,,,0.7400270267355518,0.7073340725033028,,,,0.6925563933788217,,0.7110887173167545,0.723149936925565,,,,,,0.6992810270015486,0.7199465886775847,,,,,,,,,,,0.6933803860569687,,,,,,0.732800837617996,0.7561334107787598,,,,,,,,,,0.7198509121244313,,,,,,,,,,,,0.6981122876249817,,,,0.7260985916685612,0.7178055606779981,
m1294,0.7055817416298381,0.7515857136363502,0.7245439339983536,0.7390564418763549,0.7010159057280217,0.7305113008471852,0.7042096144142701,0.7752584155983432,0.7362774578121345,,0.7512163812078987,0.7508269048010368,0.7511212475907135,0.7409784450250776,0.7353796092662647,,0.7609015761146694,,0.6993801610723122,,0.7575769549166126,,,,0.7498683542708854,,,,0.7093639495390128,0.6973238578160523,,0.7210351653945108,0.7377557028913768,,0.7437352649028619,0.7178299051989309,,,,0.7184404176967334,,0.6942911150004816,0.7511566469304896,,0.700553708791125,0.6964347065913498,,,,,,,,,,,,,,,,,,,,,,,0.6999061476395625,,,,,,,,,,,,,,,,,,,,,,,,,,,,,,,
m1036,0.7396505512863474,0.7099407208951628,0.7161057765620513,0.7255780247643643,0.7936487556184152,,0.7429447691540427,,,0.7409102136079293,,,,,,,,0.7370168301614349,,,0.7507812646019333,,0.7223473293270485,,,0.7541223706397227,,,,,,,,,,,,0.7544291339611844,,,0.7325638783425554,,,,0.7174800490609424,,,,0.7148901028090899,0.7223317657862467,0.7890972314159455,0.7152485248528526,,,0.7365922991116572,,0.7502608480200861,,,,0.7121028562816218,,,,,0.7571994723286873,,,0.7272333524980271,,,,0.7078973963312332,,,0.775327892150564,,,0.7254043388089741,,,,,0.7279031169004813,,,0.7346015551572003,,,,,,,,0.7153143434889969,,0.719339606941115,,,
m2918,0.7637985165704968,0.6902155899475122,0.7624901582637856,0.6970786214163863,0.7342174115378349,,0.7262633379876164,0.6945789795272393,,0.7214233331069011,,,,,,0.7042416863778875,,0.6973589307923738,,0.7083388878902293,,0.7147743012972473,0.731194701894758,0.7532376130479423,,0.7204643097774399,0.6999425740486259,,,,,,,,,,0.7040044516473039,0.7143604023129017,0.7213230137657145,,0.6911107828247635,,,0.7146380570493956,0.7115420227690282,,,0.7297360241738481,,0.7068254591069398,,,,0.7001018802913475,0.7013617376179472,,,,,0.7121028562816218,,,,,,,0.7075990451984705,,,,,0.7028106537472975,,,,,,,,,,,,,,,0.6985509807047223,,,,,,,,,,,,,
m1222,0.7292213693384609,0.7701846627267215,0.7688152452467762,0.7380417400828005,,0.7384274960282129,,0.7484678169159814,,,0.733286237424609,0.7505081707921362,0.7374257368907126,0.7348534945564456,0.7542270355597167,0.7357483286164985,,0.7345265807666873,0.7490031252074819,,,0.7594052510927272,,,0.7299567514375446,,0.7497066206937965,0.7877688568223294,,0.7408675793277498,,,,,,0.7786342618339632,,,0.7247512465391833,0.7337498590925515,,0.7281554015164191,,0.7317224488676208,,0.7210103310240291,,,,,,,,0.7812071088743747,,,,,,,,,0.725031552941384,,0.767348351398887,,,0.7776871042090148,,,0.7511297198725839,,,,,,,,,,,,,,,,,,,,,,,,,,,,,
m47,0.7677076847438232,0.7225295018821991,0.7683876930449809,0.7275920230703548,0.7300976375780744,,,,,0.7272234599083459,,0.7217403063355665,,,0.7141546407164054,0.789999733573162,,0.729555365354965,,,,0.7284050911679197,0.7065800467242149,,,0.7203091338545229,0.7343045367701815,0.7592086597234078,,,,,,,,0.7092174579996122,,0.745137800640944,0.7197722839392945,0.7024547712092434,,,,0.714843337158386,,,,0.7493077367151761,,0.7141796204684847,,,,0.7480645136554018,,,0.7212003957423561,,,,,0.725031552941384,,,0.7064985633333221,,0.7122917148227008,0.7351021969027163,,,,0.7430359492788862,,,,,0.7048176621370816,,,,,,,,,,,,,,,,,,,,,,,
m3578,0.734232375298215,,0.7168299779497298,0.6832979507792615,0.7278386093155839,,0.7232286860361261,,,0.7401662519286718,,,,,,0.7099312233783509,,0.7478650017068745,,,,0.6857447610013003,0.75065070533076,0.6776671550312299,,0.7036388683689963,,,,,,,,,,,,0.7813122666977267,,0.6783937967115007,,,,,0.7100468812211289,,,0.6834872571651799,,0.7412679301660283,,,,,0.7349392026819594,,0.6923016655447963,,,0.6966120002981123,0.6843894320837748,,0.6884320605291887,,,0.7084776383791535,0.6780416951595731,,,0.7063035279084753,,,0.6919370271882086,,,0.6994776819429698,,,0.707421123512344,,0.694489514087459,,,,,,,,,,,,,,,,0.7182469494962243,,,
m1258,0.7218813437880888,0.7528728941004813,0.720287531312168,0.7033951552903166,0.6966403242577179,0.7091527633525171,,,,,,0.7309053934089215,0.6964783748937017,0.6972520098069408,0.723467440183528,0.7573206122570704,,,,,,0.7113438334085478,,,,0.6917992173283258,0.733145123205246,0.7513198809905289,0.7106811682913889,0.7005223575860267,,,,,,0.7552259002223598,,,,,,0.7397103121485834,,0.7250146008380473,,0.730137002781772,,,0.7343289236656113,,,,,0.7211245202332714,,,0.6951542443126825,0.6933803860569687,,,,0.767348351398887,0.7064985633333221,,,,0.6935935024569756,,,,0.7031812041476875,0.6916492272930064,,,,,,,,,,,,,,,,,,,,,,,,,,,,
m457,0.7617518092757142,0.7019612206576193,0.717025984521415,0.7455948655128333,0.76869069374221,,0.7350591780893108,,,0.750268887482102,,,,,,0.7272203140378544,,0.7307364111056607,,,0.733675586508667,,,0.7036495484606939,,0.7385950599627719,,,,,,,,,,,,0.7491582309501222,,,0.710236710806801,,,,0.7111640206244105,,,0.7101518001287617,,0.7230490520704056,0.7245641898569486,0.7009782548205551,,,0.7434530393942842,,,,,0.7571994723286873,,,,0.7084776383791535,,,,,,0.7111460598015689,,,0.7224489419254412,,,0.7254566772063138,,,0.7512309503952462,,0.7121988378074395,,,0.7236358257147807,,,0.7190437831853062,,,,,,,,,,0.730684970852788,,,
m1259,0.7854586309886773,0.7210570348702694,0.7528392983329482,0.7486022783985756,0.7321312767506255,,0.7131621152739153,,,0.7147496789701273,,0.712355261240393,,,,0.7151080908300291,,0.7384551876964883,,,0.7036457146595001,0.7076389080996672,,0.7073003370165081,0.70247080885023,0.7128407778078982,0.7100044846397516,0.712737660888845,,,,,,,,,0.7020598309491393,0.7100066569165648,,0.6969936902403189,,0.6979333463156708,,0.7262964487224848,0.7470639399247992,,,0.7248298752481196,,,,,,,,,,,,0.6991076583804943,0.7075990451984705,0.6988407226705727,0.7122917148227008,,,,,0.7013967509070338,,,,,,,,,0.7141633706115489,,,,,,,,,,,,,,,,,,,,,,,
m1090,0.7423271975179621,0.7528126071700969,0.7467667234540553,0.7486151239960619,0.7464614588271341,0.7135646609785096,0.732424688253863,,,,,0.7153352032856489,,0.7097804475208344,0.7312933017236927,0.7346412594643917,,0.7417443853526512,,,0.7200982286499804,0.7260342903391325,,,0.7359297242221362,0.7188730737743988,0.7131577716996412,0.7519562935842425,,,,,,,,0.7394772408832592,,0.7257933972741815,,0.7311055412289308,,,0.7237093992828721,0.7339186285190454,0.7481181742033243,,,,0.7146779726434528,,0.7117474929233876,,,,,,,,,,,0.7776871042090148,0.7351021969027163,,,,,,0.7164245782149747,,,,,,,,,0.7157429316939857,,,,,,,,,,,,,,,,,,,,,,
m1387,0.7211290843580349,0.7560170588017718,0.7039730886937323,0.7198020776733091,0.753089933462977,0.7157137018272659,0.7169139614637738,,,,,0.705893507358652,0.7011182678628504,,0.7359767727747006,0.7441113522313936,,0.7136265610461793,,,0.7343973049409558,,,,,0.7034347017184934,0.7017180357532737,0.7128936175630065,,,,,,,,,0.7229871148515579,,,,0.6997329398025586,0.7500973566056925,0.7124196060446585,0.6989349220058474,,,,,0.772777423884139,,0.7126518581209405,,,,,,0.7590370956559735,,0.6999061476395625,0.7272333524980271,,,,,,,,0.7164245782149747,,,,,,,,,,0.7156490280065905,,,,,0.7379234873885505,,,,,,,,,,,,0.7197969888763137,,,,,
m356,0.7723322329100765,,,0.7391998594889081,0.7096088572306377,,0.6884510848549659,,,0.7354710250481468,,,,,,0.701289010460442,,0.7858709316128224,,,,,0.6889780743765129,,,,,,,,,,,,,,0.7036104557034956,0.7577353266390737,,,0.6898355961349438,,,,0.7073174315563334,,,0.7315080662787544,,0.7887003847142837,,0.6970301081749412,,,0.7134541305830318,,,,,0.699809403903598,,,0.6942178338295318,0.7063035279084753,,0.7111460598015689,,,,,,,0.7287844699277619,0.6911144862065818,,,0.7492435798916953,,0.6894170385597056,,0.6887114162402602,,,0.6862668808427184,,,0.7042151842710347,,,0.6897847758458817,,0.6912562563345502,,,,,0.7222323246991941,,,
m1206,,0.7180286956791464,0.6879952163858241,,,,,0.7554152993090253,,,,0.7024125368064026,0.7270737700143386,,0.7283997313158151,0.6818163634032666,0.7105212794787032,,0.7230529509231446,,,0.7061091053931796,,,,,0.7344287046432687,0.7534976738482446,0.7072961948908623,0.7233424095662633,,,,,0.7001292410888514,0.7737480044187037,,,0.6951498117458711,0.6860225882551737,,0.7060253311640539,,0.6825478636614654,,0.7399127620794717,0.7383234396697455,,,,,,,0.7522953554521391,,,,0.732800837617996,,,,0.7511297198725839,0.684611871882196,,0.7031812041476875,,,,,,,0.7214757913511984,,,0.7404000413829113,,,,,,,0.697451207298738,,,,,,,,,,,,,,,,,,
m2959,0.6948377798151241,0.6891542986424797,0.7397973850384794,,0.6817855934831447,,0.6811960565734531,0.710640066486704,,,,0.706440510868917,,,,0.7027676271179778,,,0.7408007686999377,0.6801080589403321,,0.7399845440937497,0.7288522452342827,0.699253410775425,,0.7022202277779923,0.7099618795895138,,0.6783921696115637,,,,,,,,,0.6913014724298455,0.7425787602322277,0.6889073992747465,,,,0.6962441409817876,,,,,,,,,,0.7095650743105985,,,,0.7561334107787598,,,0.7028106537472975,0.7056007746766566,0.7430359492788862,,0.6916492272930064,,,,,,0.7214757913511984,,,,,,,,,,,0.6960712918038765,,,,,,,,,,,0.6863045976124963,0.7434958174360553,,,,,,
m150,0.7571750640070023,,0.6927596178445858,0.7491177072416934,0.7458977630895575,,0.7270172828937492,,0.7008379669078594,0.7181040712673148,,,,,0.689413058774672,,,0.7585139384734767,,,0.7373426180992544,,0.6945708273567722,0.6902849148618799,0.7001533597331374,,,,,,,,,,,,,0.7189551566688236,,,0.7109169439804895,,0.7187357501551322,,0.743994802090273,,,,,0.7357755907565862,0.7015759978956535,0.7166159899771918,,,0.7131004117783052,,,,,0.7078973963312332,,,,0.6919370271882086,,0.7224489419254412,,,0.6950231610396133,0.7287844699277619,,,,,,,0.6891601384985682,,0.7471416926652138,,,,,,,,0.7109601211948794,,,,,,,,,,0.7159841083009408,,,
m1307,0.7380067388579368,0.6605586791638937,0.6965074066061259,0.6975578849343225,0.6956867093938249,,0.6628696549748982,,0.6623801054146877,0.6824319391942967,,,,,,,,0.6624855026042165,,0.6941218240249322,0.694204272938826,,,0.6879020350142657,,,,,,,0.6596533625190117,,,,,,0.6762213191067057,0.6638715073342506,,,0.6707885753650206,,0.6693741926755813,,0.6860730446943755,,,0.6920553103341721,,,,0.6884151564675428,,,,0.7053547307396164,,,,,0.6763653862865169,,,,,0.677974945610035,0.6752190313076467,,,0.6911144862065818,,,,,,,0.6917279371679304,,,,,,,,,0.6598937299387049,0.6630074885240018,,,0.6673474408122742,,,,,,,0.6628091311990867,,,
m924,,0.7132605575013664,,,,0.6942084376838951,,0.7750502627627531,0.6747817105607408,,0.6987039683921723,0.6750704032935322,0.7314214416787499,0.6790147245290927,0.6972723540458532,,0.7210534192649551,,0.6570323245305099,,,,,,0.7114983090852377,,,0.6841622996820302,0.7401801266694601,0.6764841440529592,0.6632095664448815,0.6598008590282073,0.6821958429886219,,0.6741217699973239,0.752676877906452,,,,,,0.684687848931003,,,,0.7071645978198732,0.6724640124483199,,0.6769666878049309,,,,,,,,,0.6625723958535523,0.6616028281600695,,,0.7112076381181036,,,0.6818551110649181,,,,,,0.7404000413829113,,,,,,,,,,,,0.680042916809752,,,,,,,,,,,,,,,,,
m589,0.701828463377375,,,,0.7383450573682901,,0.7128395588419613,,,0.7008525677466556,,,,,0.679021288686352,0.6850262126315655,,0.697499765289749,,,,,0.7506530752715864,,,0.7216085685069852,0.6866223631875183,0.6840650816640217,0.6782569969655704,,,,,,,,,0.7165018868872695,,,0.6887763263658306,,,,,,,,0.727215278322679,0.6801264393977506,0.8098949567811087,0.6888107658548337,,,0.7142452501731662,,0.7646887672592488,,,0.775327892150564,0.6831103080302776,,0.6796073455438879,0.6994776819429698,,0.7254566772063138,,,0.690351491751987,0.672605623451397,,,,,,,,,0.6790018487819163,,0.6982312332304735,,,,,,0.7089801215661735,,,,,,,,,,,,,
m1961,0.7656823714829621,0.696207945009266,0.733221351560959,0.7486784689632331,0.7310525903813643,,0.7023848068797509,,,0.7245667653575155,,0.7210461077136321,,,,0.7158888971722344,,0.7102403494465686,,0.6980025837060284,0.7049005396547897,,,,,0.6932547221069882,,,,,,,,,0.6938291428148201,,,,,,,,0.7004388718116481,0.7330894747546618,0.7222039694220388,,,0.7413834422060059,,0.7194195970115604,,0.6984508178820519,,,,,,,,,,,0.7048176621370816,,,,0.7141633706115489,0.6929596433250975,,0.7492435798916953,,,,,,,,,,,,,0.69599171493749,0.6957098791018882,,,0.7053156725856687,,,0.7058256678392987,,0.7118403034751992,,,,,0.7493967166516263,,,
m3421,0.6930161971955541,0.7370216781639439,0.712008243292758,,0.7310089688508091,,0.7024719892964304,,,,,,,,0.7222207996985336,0.7028912624551396,,0.712104527681503,0.6947732280365339,,0.7014229272268516,,,,,,0.6936530068100969,0.7216773637922052,,,,,,,0.6775364939351418,,0.6791217637209799,0.7107433799814356,,0.6986323398014033,,,,,,,,0.6783731146754324,0.6905184311539849,,0.69427337455198,,,0.702964908889729,,,,,,0.6962832833240644,0.6777036343588435,,,,,,,0.7157429316939857,0.7156490280065905,,,,,,,,,,,0.7393517865710146,,,,0.6951725094063453,,,,,0.7042197070453831,,,,0.6893157783324613,,0.7230366206544148,0.7486868134040773,,,,
m1610,0.7281927453962523,0.6927015256449687,0.705311065878631,0.7244779666318695,0.7492378377489199,,0.7327622573367822,,,0.6922976299198232,0.6880621542035996,,,,,,,0.7445940976442716,,,0.727298986908567,,0.6938987451365396,,0.7156914170133627,0.707199273799269,,,,,,,,,,0.6925505753057497,,0.7459348003955018,,,0.6859007469654287,,0.7046326621340331,,0.7442042211599882,,,0.6949926977158174,,0.7116211820887877,0.6866512835853387,,,,0.7031099029318482,,,,,0.7254043388089741,,,,0.707421123512344,,0.7512309503952462,,,,0.6894170385597056,,,0.7471416926652138,,,,,,,,0.7070648809344038,,,0.7214601719439838,,,,,,,,,,,,,0.7099784826844365,,,
m3671,0.6963006403123598,0.7210758609810513,0.6988886010520152,,0.7015627905823276,0.6952160339576313,0.6984671238705434,0.700021577132723,,0.669426650050549,0.7131457336377955,0.683925572280491,0.6696839428101096,,0.7058480288770625,,,0.6928883668635031,0.7500143589543273,,0.6863131811988228,,,,0.6955293527614926,0.6742349239719362,,0.6752231132011726,,,,,0.8044491129907234,,,0.7104174074435737,0.6855147576115426,,,0.6874636554257129,,,0.6820156070924984,,,,,,,,,,,0.7033369763871037,0.668994447887127,,,,0.685995921446918,,,0.6773510521202326,,,,,,,,,,,,,,,,0.7393517865710146,,,,,,,,,,,0.7519916049680011,,,,,,,0.7000224069799643,,,,
m1210,0.7195333763202307,,0.7022431007149389,0.6942252223557565,0.7705685719753197,,0.8333718947350902,,,0.7102028505449309,,,,,,,,0.7102332778452045,,,0.6957155850081307,,0.7232806488626631,0.6986780312459202,,0.8546074813011849,,,,,,,,,,,,0.7175957895159616,,,0.6861932210779927,,,,0.7163781733580759,,,0.6983315423970297,,0.6924103835805584,0.6843688515852289,0.6793350449844788,,,0.778867867445572,,0.6784567157750365,,,0.7043161381956154,,,,0.694489514087459,,0.7121988378074395,0.6773417059698068,0.683771948595408,,0.6887114162402602,,,,,,0.6982312332304735,,,0.7070648809344038,,,,,0.7024590058330445,,,0.6998680926282527,,,,,,,,,,,,,
m1394,0.6865667938633871,0.6916561754954822,0.7166828739498403,,,0.6814342651444308,,0.7340602212259764,,,0.683028816728707,0.691614618952325,0.6941536343854033,0.6875380389418376,0.6740555801417796,,0.6803150352507716,,0.6976544442198642,,,0.6855290732493522,,,,,0.7128942525909627,0.7030999112984969,0.6914985606106714,0.7215506343840077,,,,,,0.7153692047759821,0.6962658192396948,,0.689834922358812,0.7090328072319646,,,,,,0.6952245879923855,0.7194016938575223,,,,,,,0.715249730789914,,,,0.7198509121244313,,,0.6821166296448262,0.6880167099944597,,,,,,,,,0.697451207298738,0.6960712918038765,,,,,,,,,,,,,,,,0.6854964886542945,,,,,,,,,,,,
m3471,0.7067172345113449,0.6888640428501493,0.7246549361144243,0.6913651832444074,0.7215257902851024,0.7174151183373159,0.7177835173484215,0.6953361677534328,,0.6962791507653566,,0.705586044591956,0.6839559449156357,0.6884335788723925,,0.702008148562049,,0.6931903421913953,,,0.7070700695152633,,0.6904206437454278,,,0.6983513003470025,,,0.6894710068952192,,,,0.6975869688548902,,,0.6839415321957666,,,,,,0.7140952614642877,0.6895936912082722,,,,,,0.6971106570841024,,0.6916906654679837,,,,,,0.6869713850894291,,0.6790082853650773,,,,,,,,,,0.7379234873885505,,,,,,0.680042916809752,,0.69599171493749,,,,,,,,,,,,,0.7170065384499582,,,,,,,,,,
m2194,0.7429227881792961,0.7084077256381347,0.7342315860860096,0.7193615214439814,0.7444978515204774,,0.7310243498964292,,,0.7167829382086738,,,,0.7198429733409453,0.6994981726755511,0.7219606515299868,,0.7112480738307164,,,,,,0.7003621037776664,,0.7274302129135458,,0.7252016348945184,,,,,,,,0.6991904023912324,,0.7342209771729554,,0.7263242829339931,,,,,0.7045098298188419,,,0.6975379458963172,,0.7038010745343161,,0.7083362382749615,,0.7034597829409026,0.6965698584462809,,,,,0.7279031169004813,,,0.6968680256867098,,,0.7236358257147807,,0.7011725676550224,,,,,,,,,,,0.7214601719439838,,0.7024590058330445,,,,,0.714967496197322,,,,,,,,,,,,,,
m920,,0.6349962403079383,,0.6320711146731735,0.6098743325899139,0.6501664743612733,0.6057993090124407,,0.6539397794298857,,0.6448575823302758,,0.6405885819779629,0.6200427267530457,0.617787421368268,0.6113300935038223,,,,,0.6576164351482757,,,,0.6146480758283146,0.5998659624735139,,,,,0.6092631455766688,0.6805460118648184,,0.6646862328588132,0.6113569472164829,,0.6295616852137572,,,,0.6125761545119255,0.6366554069092937,0.614633219535056,,0.60554092221475,,,,,,,,,,,0.6064243548414452,,,0.6293721098699967,,,,,,,0.6183019284326843,,,0.6054220565447548,,,,0.6029200621328608,0.6097232505515535,,,,,,,,,,,,,,,,,,,,,0.6049929400692969,,,,,
m1674,0.728644625509922,0.6759011251141117,0.6734086083963629,0.7224207018005565,0.7105402819002388,0.6639520609891162,0.6733447624733251,,0.6872025397962632,0.6831710145511207,,0.6677559107360163,,0.6842697456152811,,,,0.6690089762943344,,,0.7255176017553556,,,,0.6804473751953194,0.6619356214815221,,,,,0.6619033759798314,0.6758982692803611,,,,,0.6769713170989471,,,,,,,,0.699213901908363,0.6632284965807277,,0.6642252606181096,,0.671200221386505,,,,,,,,,,0.6630787982744012,,,,,,0.6873320716627335,0.6770662249557543,0.6615530488172977,,,,,0.6809647158796683,,,,0.6760341035158038,,,,,,,0.714967496197322,,,,,,0.6694783951847714,,,,,,,,,,
m1270,0.7157271718251947,,,0.6934689501725865,0.7588288643610984,,0.72662970617518,,,0.7176250096098274,,,,,,,,0.6786247508419729,,,0.7047707361840989,,0.6759987412013913,0.6946841215308259,,0.7183683639055043,,,,,,,,,,,0.6805290530025381,0.7022906040209616,,,0.7128779766117765,,,,0.7159991723403555,,,,,0.6776620276144947,0.7064081552359696,0.7300391143172953,,,0.7436617364307141,,,,,0.7346015551572003,0.6985509807047223,,,,,0.7190437831853062,0.6797173919604276,,0.6754908271069789,0.7042151842710347,,,0.7109601211948794,,,0.7089801215661735,0.7053156725856687,,0.6754572469842481,,0.6998680926282527,,,,,,,,,0.7013878876942126,,,,,,,,,,
m1079,0.6960073196560681,0.6671486516068732,0.7008978880800549,,0.6831136904195347,0.6663951747704511,0.6877118404621114,0.6963349607735869,,,0.6811611395315667,,0.6632625895139651,0.6790635069913094,,,0.6971114752713546,0.6636977166289493,0.7003374762031952,,,0.6775070897039037,,0.6753782404824742,0.6657991602199878,0.6802160233745339,0.665021860865751,0.6822668052377664,0.6740926496083254,0.6755728036451205,,,0.6851238181447665,,,0.672461067257148,,,,0.6957444145315859,,,,,0.6735837743874894,,0.6905570079409717,,,,,0.6666353058209202,,0.6870273344131441,,,,,,,,0.690453191842909,,,,,,,,,,,,,,,,,,,,0.6854964886542945,,,,,,,,,,,,,,,,,,
m2791,,0.7050548244273661,0.6737335294285405,,0.6920507996950673,,0.6963636171387646,0.6815473248320674,,,0.6821681456003501,,0.675263508138588,,0.6822210781217721,,,0.667077198503425,0.7215792617916744,,,,,,0.6776224386413546,0.6922268848256156,0.678419318281138,0.6763543465439802,,,,,0.7286497779245535,,,,0.6806490159503819,,,0.6676564222454051,,0.665268719944548,,,,,0.7423191601209049,,0.6698937928310417,,,,,0.6903795335788172,,,0.678805714312335,,,0.6772521195277903,,0.6651810195279384,,,0.6605088390938869,,,,0.6852394447005095,,,,,,,,,0.7042197070453831,,0.7519916049680011,,,,,,,,,,,,,,,0.6651962835442361,0.670026804758079,,,,
m1097,0.6925406335896305,,0.6597166550062523,0.688834999988126,0.7154670813576431,,0.6876890599942831,,,0.6612928028864613,,,,,,0.6686968765638986,,0.6686052648266668,,,0.6687701914287756,,,,,0.6683825657731681,,,,,,0.6571918398055425,,0.6938647869997197,,,0.6661368077529405,,,,0.66478511012084,,,,0.687615574157357,,,,,,,0.7020095780842737,,,0.6588833256907919,,,,,0.66951783251636,0.6613903481004964,,,,,,0.6942609278338223,,0.6829134190650965,0.6897847758458817,,,0.6730345006822435,0.6673474408122742,,,0.7058256678392987,,,,0.6570877123809566,,0.7170065384499582,0.6629344839959976,,0.6694783951847714,0.7013878876942126,,,,,,,,,,,,,
m1265,0.6725691887307911,0.6525530409970615,0.6693445336505186,0.6522548972199621,0.6803379446190607,,0.6564963525632435,0.6692096190058333,,0.6677491772474736,0.6661050915715674,,,,0.655227975371549,,,,0.6554319126829944,,0.6834547618017341,,0.680895728735733,0.666935751293808,,0.6525378983875494,,0.6551344057701959,0.6934460725500676,0.6547792283332969,,,0.666605579595745,,,,,,,,0.6628056237974679,,,,0.6592885263540219,,0.6588871470611656,,0.6563037565741278,,0.6853695003495901,,,,0.6597967342249185,,0.6716414298366733,,,0.6732902836253327,,,,,,,,,,,,,,,,0.6619863674480422,,,,,,,,,,,0.6738421332988146,,0.6526271844744682,,,,,,,,,,,
m1784,0.7022030772030086,0.6398643183570218,0.6520192795270103,0.6780500912475476,0.6657690353721955,,,,,0.664449900783483,,0.6931931717893228,,,,0.665335554396952,,0.6916709484788025,,0.6395641293079568,0.6457681068887592,0.6593577912070936,0.6571680304755887,,,,,,,,0.6581294820947313,,,,,,,0.664852278273302,,0.6403031055669302,,,0.6674723180306066,0.6843333224376221,0.653853527129483,,,0.6818007475037858,,0.6795761312324641,,0.6455295846604387,,,,,,,,0.650015419792066,,,,,,,0.6527613672354418,,,0.6912562563345502,,,0.6727585240077084,,,,0.7118403034751992,,0.6578686098057872,,,,,,,,,,,,,,,,,,0.6887412450306355,,,0.656126097846398
m223,0.689896544871669,0.6716682025814928,0.714500258066437,,,,0.6718951868717511,0.6596168860608301,,0.6651285144050623,0.6569506461391611,,,,,0.660212913627216,,0.6576511521062487,0.6761081138219176,,0.6646503549976397,0.7002400224919286,0.6633014719480306,,,0.6844007054402441,0.7048959376276294,0.674659237319104,,,,,,,,,,0.658933996617423,0.6986992975008376,0.6605283498873242,,,,0.656479797861357,,,,,,,,,,0.7069892270808283,,,,0.6619456869351312,,,0.6867059022367747,0.6799863848395824,0.6773028339363426,,,,,0.6985921402783157,,,,0.6863045976124963,,,,,,0.6893157783324613,,,,,,,,,,,,,,,,0.6753824693343872,,0.6797956727765913,,,,
m32,0.6709298668473584,0.658383544265271,0.702606271864329,,0.6690232868854348,,0.6771701483578737,0.7061966778284404,,,0.6717029737048096,0.6620166087305797,0.6676816059621966,0.6718675613440919,,,0.6620251170273852,,0.6899008951335849,,,0.6670391740052339,0.7084049653263607,0.6839553499414106,,0.6775165772609248,0.6708866643226801,0.6571262992156638,0.6852994947586674,0.6716292334377606,,,0.6601852367669931,,,,,,0.7097141939826275,0.6827917168646092,,,,,,,,,,,,,,0.6756484328372536,,,,0.6981122876249817,,,,,0.7020956750023272,,,,,,,,0.6784650779228045,0.7434958174360553,,,,,,,,,,0.6666488482033315,,,,,,,,,,,0.6753824693343872,,,,,,,
m1954,0.686257255724112,0.7089138424887654,0.6847078224982831,,0.7054252760736149,,0.6911418598257665,,,,,,,,0.7154363902698841,0.6642843402757317,,0.6657024409269972,,,0.679271374359928,,,,,0.6707364656752077,0.6579733055104404,0.6700965576759537,,,,,,,,,0.6817289109699733,0.6895787814167318,,0.6590063668723016,0.6595171719083259,,0.6726939192351311,,0.6752568301926462,,,,,,0.6695076975032885,,,0.6725136792088803,,,0.6749936565014267,,,0.7153143434889969,,,,,,0.6586580761760188,,0.6664097092760223,0.7197969888763137,,,,,,,,,0.7230366206544148,,0.660542820893615,,,,0.6767639185982866,,,0.6687158487712825,,0.6651962835442361,,,,,,,,,,,
m1220,,0.6651280702491207,,,0.6983677936962713,,0.6781868924090906,0.7004750388540092,,,0.6866338793487983,,0.6567789833241782,,,,,,0.6949814281926107,,0.6833065102036505,,,,0.6563369926672643,0.6663703647740471,0.6646075638662636,0.6783900391205837,0.683988725022663,,,,0.6582137931531602,,,0.6928951396731785,,0.6656181670178756,,,,,0.6720146481453784,,,,0.6583662670360496,,,0.6629334478546745,0.6578433394017384,,,0.6872874880013629,0.6642070476482782,,,,0.659165127313212,0.6828813374283932,0.6599934028230945,,,,,,,,,,,,,,,,,0.7486868134040773,,0.7000224069799643,,,,0.6606452880553211,,,,,0.670026804758079,,,,0.6797956727765913,,,,,,,
m2268,0.7253610418926815,,0.6931989010463002,0.7008000639838936,0.6958856764083236,,0.6903047928867156,,,0.6887132749348714,,,,,,0.6834463330480886,,0.6976281834468814,,,0.7030810637035505,,,,,0.6727768862027215,,,,,,,,,,,,0.7268883975733063,,,,,,,0.6909549720524203,,,0.7224021816447794,,0.7215891641930432,,,,,0.6978587725422003,,,,,0.719339606941115,0.6689825260420112,,0.6864742411543792,0.7182469494962243,,0.730684970852788,0.6845970100713493,,,0.7222323246991941,,,0.7159841083009408,0.6628091311990867,,,0.7493967166516263,,0.7099784826844365,,,,,0.6901238430723755,,,0.6707381726689523,,,,,0.6887412450306355,,,,,,,,0.6661178323754753
m2599,,0.6746634250136103,0.6839444466128543,,,0.6831319328175156,,0.7106693272897853,,,,0.6587162041893325,0.6854493903321317,0.6763083480331248,0.661676421219884,,0.6950211745519833,,,,,0.6955908971931616,,,,,0.6854906776587669,0.6849206726589266,,0.6956456139380349,,0.6597281590837308,0.6617892131643259,,0.6859867581620214,0.6723416803554425,,,0.6835347166389704,0.6581701129515478,,0.6682245495781538,,0.673961961940656,,0.6877690802584228,0.6853694909301802,,,,,,0.6964212791007576,0.6728738705331447,,,,0.7260985916685612,,,,,,,0.6610557992518648,,,,,,0.6557957207592731,,,,,,,,,,,0.6732895101280062,,,,,,,,,,,,,,,,,0.6588961584392605,
m3481,,0.6981504966974394,0.6918372245025627,,,,0.6697416096136214,0.7118632068522146,0.6706149953862415,,0.7205985010714195,,0.684103567824407,0.6712773210651735,0.6825889624957882,,0.6904006481136239,,,,,0.6799612716131204,,0.6673527388058966,0.7079406230037545,,,0.6545820230639384,0.6698262001788733,0.6543249195552245,,0.6601275553024327,,,0.6695388325180573,0.7148335346249632,,,0.6870138004503439,0.6754020664932571,,,,,,0.6682907061804237,0.6877276931095737,,,,,,0.6652846241652373,,,,,0.7178055606779981,,,,0.6612921336161186,,,,,,,,,0.6567467289505748,0.6575121890904482,,,,,,,,,,,,,,,,,,,,,,0.6551388291997899,,,,0.6588961584392605,,
m590,0.6911629434484164,0.6394575027386487,,0.7181355709771032,0.6475039822807641,,,,,0.6637811041466627,,,,,,0.6372732936924888,,0.7132031968345469,,0.6542727938051148,,,,,,,,0.6341875925855998,,,,,,,,,,0.7241371422911675,,,,,0.6407814712249149,0.6500790386153873,0.7285592894762702,,,0.6760857263576382,,0.6937854736656932,,,,,0.636561608246665,,,,,0.6605453044204872,,,0.6565300327640219,0.6559725811354049,,0.6405181042961134,,0.6612305244983376,,0.6738428450227884,,,0.6853290031836837,,,,0.6755176078986361,,0.6469443712435745,,,,0.6491210018157453,0.6402201256853165,,,,,,0.6456843888796028,,0.656126097846398,,,,,0.6661178323754753,,,
